{
  "name": "warehouse",
  "width": 24,
  "height": 24,
  "obstacles": [
    [[-12.0, -12.0], [-12.0, 12.0]],
    [[12.0, -12.0], [12.0, 12.0]],
    [[-12.0, 12.0], [12.0, 12.0]],
    [[-12.0, -12.0], [12.0, -12.0]],

    [[-12, 4], [-12, -5]],
    [[-12, -5], [-10, -5]],
    [[-10, -5], [-10, 4]],
    [[-10, 4], [-12, 4]],

    [[-7, 4], [-7, -5]],
    [[-7, -5], [-5, -5]],
    [[-5, -5], [-5, 4]],
    [[-5, 4], [-7, 4]],

    [[-2, 4], [-2, -5]],
    [[-2, -5], [0, -5]],
    [[0, -5], [0, 4]],
    [[0, 4], [-2, 4]],

    [[3, 4], [3, -5]],
    [[3, -5], [5, -5]],
    [[5, -5], [5, 4]],
    [[5, 4], [3, 4]],

    [[10, 4], [10, -5]],
    [[10, -5], [12, -5]],
    [[12, -5], [12, 4]],
    [[12, 4], [10, 4]]
  ],
  "cctvs": [
    {
      "id": 0,
      "position": [-8.5, 10.0],
      "orientation": -1.5707963267948966,
      "fov": 1.0471975511965976,
      "max_range": 16
    },
    {
      "id": 1,
      "position": [-3.5, -10.0],
      "orientation": 1.5707963267948966,
      "fov": 1.0471975511965976,
      "max_range": 16
    },
    {
      "id": 2,
      "position": [1.5, 10.0],
      "orientation": -1.5707963267948966,
      "fov": 1.0471975511965976,
      "max_range": 16
    },
    {
      "id": 3,
      "position": [7.5, -10.0],
      "orientation": 1.5707963267948966,
      "fov": 1.0471975511965976,
      "max_range": 16
    }
  ],
  "robot_start": [-9, 9],
  "robot_goal": [9, -10],
  "num_humans": 8
}
